config,run,best_f
penalty_only,0,5960.709453498513
penalty_only,1,6956.50451703871
penalty_only,2,7958.528057239744
penalty_only,3,7966.954648506733
penalty_only,4,5965.259294265235
penalty_only,5,7964.652110124224
penalty_only,6,4962.657621877481
penalty_only,7,5958.0670408019005
penalty_only,8,3957.3190888956983
penalty_only,9,6965.089822600951
penalty_only,10,4963.088714517824
penalty_only,11,4960.110742257014
penalty_only,12,5960.214905766868
penalty_only,13,6962.563416267405
penalty_only,14,7960.222619647321
penalty_only,15,5963.497845485806
penalty_only,16,7960.283701133424
penalty_only,17,6962.617021735559
penalty_only,18,5959.746398628393
penalty_only,19,4953.92846944321
repair_hard,0,6964.818254218384
repair_hard,1,8963.98253863138
repair_hard,2,6962.9979669370805
repair_hard,3,7962.673200705625
repair_hard,4,5961.294294821191
repair_hard,5,5968.335587854855
repair_hard,6,3960.0221876921664
repair_hard,7,5958.437438092231
repair_hard,8,5959.757297822878
repair_hard,9,5963.793351095991
repair_hard,10,5961.405596086367
repair_hard,11,6960.171378002416
repair_hard,12,4960.058031758683
repair_hard,13,8962.77174419619
repair_hard,14,7957.4175979005595
repair_hard,15,3956.994061167032
repair_hard,16,4956.828670548832
repair_hard,17,6961.735827377924
repair_hard,18,4958.821299123342
repair_hard,19,4956.416554939069
random_search,0,17983.79400555566
random_search,1,17985.02921081652
random_search,2,18977.039143786267
random_search,3,17969.203469720473
random_search,4,17966.006855335698
random_search,5,18987.05251444256
random_search,6,18969.52755395693
random_search,7,16980.857514982043
random_search,8,19962.727883931955
random_search,9,16980.55931395914
random_search,10,17974.715173749115
random_search,11,19969.033175110435
random_search,12,17967.733616894744
random_search,13,19971.646558551398
random_search,14,20972.447709604294
random_search,15,18960.28535490004
random_search,16,20969.151882941198
random_search,17,19971.15976133893
random_search,18,18966.010624173814
random_search,19,17977.694413375608
